{"acs nano": [[2008, 4.706896551724138], [2009, 7.627272727272727], [2010, 10.121495327102803], [2011, 12.18022813688213], [2012, 13.049076517150397], [2013, 12.850228310502283], [2014, 13.577278731836195], [2015, 14.260033444816054], [2016, 14.695937628231432], [2017, 14.250212404418011], [2018, 14.470930232558139], [2019, 15.412153782554775], [2020, 15.566022213081036]], "adv. mater.": [[1991, 2.7], [1992, 3.358490566037736], [1993, 3.6728395061728394], [1994, 3.9322916666666665], [1995, 4.167441860465116], [1996, 4.8063241106719365], [1997, 4.920792079207921], [1998, 5.547692307692308], [1999, 6.306068601583114], [2000, 6.4657836644591615], [2001, 6.354014598540146], [2002, 7.28169014084507], [2003, 7.760806916426513], [2004, 8.809775429326288], [2005, 9.676433121019109], [2006, 8.385113268608414], [2007, 8.93383742911153], [2008, 8.843153526970955], [2009, 8.88231046931408], [2010, 11.217717717717719], [2011, 14.37719298245614], [2012, 15.802411252511721], [2013, 16.304182509505704], [2014, 18.139270771069935], [2015, 20.220415030846887], [2016, 20.70181043663472], [2017, 22.324442289039766], [2018, 25.505567010309278], [2019, 27.31657018813314], [2020, 28.98702742772424]], "chem. mat.": [[1990, 2.710526315789474], [1991, 2.8526315789473684], [1992, 3.068840579710145], [1993, 2.907608695652174], [1994, 3.146511627906977], [1995, 2.9655172413793105], [1996, 3.420875420875421], [1997, 3.5662460567823344], [1998, 3.8205479452054796], [1999, 3.535673839184598], [2000, 4.0020746887966805], [2001, 4.078172588832487], [2002, 4.350987432675045], [2003, 4.68207171314741], [2004, 4.503039513677812], [2005, 5.178468208092486], [2006, 5.507547169811321], [2007, 5.308372641509434], [2008, 5.409391932570741], [2009, 5.706966033390904], [2010, 6.863411619283066], [2011, 7.811103588354773], [2012, 8.973931933381607], [2013, 9.201543739279588], [2014, 8.504923903312443], [2015, 10.096458176337604], [2016, 10.029976019184652], [2017, 10.108459869848156], [2018, 10.39139344262295], [2019, 9.93347525279404], [2020, 9.634328358208956]], "j. am. chem. soc.": [[1990, 4.278913324708927], [1991, 4.457559015570065], [1992, 5.011078286558345], [1993, 5.092275181967598], [1994, 4.832256627311205], [1995, 5.069347187711768], [1996, 5.72215736633201], [1997, 5.5455169258920405], [1998, 5.658569807037457], [1999, 5.517953321364453], [2000, 5.944786675792836], [2001, 6.137214137214137], [2002, 6.168970814132105], [2003, 6.453763010408327], [2004, 6.911004953998584], [2005, 7.620356733758795], [2006, 7.896003703132233], [2007, 8.187556904400607], [2008, 8.343805668016195], [2009, 8.759889304899886], [2010, 9.359944623904015], [2011, 10.368486545341423], [2012, 11.048279158699808], [2013, 11.79759807846277], [2014, 12.441394408891883], [2015, 13.413391557496361], [2016, 14.027667984189723], [2017, 14.365440869201839], [2018, 14.71417149710174], [2019, 14.807485566394584], [2020, 14.57084524295631]], "j. mat. chem. b": [[2014, 5.634765625], [2015, 6.101123595505618], [2016, 5.364996260284219], [2017, 5.400939702427564], [2018, 5.752782193958665], [2019, 6.1744], [2020, 6.658088235294118]], "j. mater. chem. a": [[2014, 8.350931677018634], [2015, 9.483981092436975], [2016, 9.622728222268645], [2017, 10.382908611599298], [2018, 11.11121157323689], [2019, 11.763485477178424], [2020, 12.434506753990995]], "j. mater. chem. c": [[2014, 5.8919753086419755], [2015, 6.593231585932316], [2016, 6.368114406779661], [2017, 7.035608308605341], [2018, 7.627940470475276], [2019, 8.149294492489759], [2020, 8.111449717022204]], "langmuir": [[1990, 2.2928571428571427], [1991, 2.44015444015444], [1992, 2.455145118733509], [1993, 2.4791666666666665], [1994, 2.9730483271375463], [1995, 2.870817120622568], [1996, 3.1887966804979255], [1997, 2.71562317144529], [1998, 2.662733529990167], [1999, 2.869296577946768], [2000, 2.989431968295905], [2001, 2.9284928492849285], [2002, 3.0940265486725664], [2003, 3.1277064220183486], [2004, 3.3283093053735255], [2005, 3.841501240694789], [2006, 4.064904552129222], [2007, 4.162714878482514], [2008, 4.2247287264420335], [2009, 4.041469816272966], [2010, 4.426697530864198], [2011, 4.413971248876909], [2012, 4.498973305954825], [2013, 4.583870136562742], [2014, 4.691964285714286], [2015, 4.211396011396012], [2016, 3.976780185758514], [2017, 3.841513292433538], [2018, 3.7258512856150103], [2019, 3.623612512613522], [2020, 3.7333968859231015]], "macromolecules": [[1990, 2.208955223880597], [1991, 2.6232132647226987], [1992, 2.5066732575383095], [1993, 2.462379702537183], [1994, 2.776081424936387], [1995, 2.863351441704973], [1996, 2.9576338928856916], [1997, 3.1164826798629615], [1998, 3.1215533980582526], [1999, 3.269785575048733], [2000, 3.3413608562691133], [2001, 3.407142857142857], [2002, 3.3897031191281473], [2003, 3.408734602463606], [2004, 3.718806838850491], [2005, 4.105916727538349], [2006, 4.33441091954023], [2007, 4.464167585446527], [2008, 4.461568173039784], [2009, 4.634404536862004], [2010, 4.931491294473884], [2011, 5.322751322751323], [2012, 5.606156274664562], [2013, 6.129829290206649], [2014, 5.908062234794908], [2015, 5.70412729985082], [2016, 5.910695742471443], [2017, 5.896728016359918], [2018, 6.006673511293634], [2019, 5.9708689100954295], [2020, 5.653185035389282]], "nano lett.": [[2002, 6.435643564356436], [2003, 7.651090342679128], [2004, 9.706796116504854], [2005, 10.920279720279721], [2006, 11.13472706155633], [2007, 10.64475079533404], [2008, 11.217314487632509], [2009, 10.803290414878397], [2010, 12.861129136924076], [2011, 14.117794486215539], [2012, 13.89072282299374], [2013, 13.69464105156724], [2014, 14.510733899151273], [2015, 14.913065076999503], [2016, 13.405176260597948], [2017, 12.54458041958042], [2018, 12.652173913043478], [2019, 11.856517509727626], [2020, 10.874059207225288]], "nat. mater.": [[2003, 8.371428571428572], [2004, 11.197278911564625], [2005, 13.53648068669528], [2006, 16.624], [2007, 16.06959706959707], [2008, 18.45847176079734], [2009, 22.555555555555557], [2010, 22.333333333333332], [2011, 24.61516034985423], [2012, 26.19283746556474], [2013, 26.300275482093664], [2014, 27.416445623342174], [2015, 29.855643044619423], [2016, 31.606951871657753], [2017, 29.383458646616543], [2018, 28.519704433497537], [2019, 28.03183023872679], [2020, 29.027322404371585]], "nat. nanotechnol.": [[2007, 10.2], [2008, 13.986842105263158], [2009, 18.058823529411764], [2010, 21.185667752442995], [2011, 20.387096774193548], [2012, 23.650943396226417], [2013, 25.58], [2014, 23.934285714285714], [2015, 25.189119170984455], [2016, 28.86842105263158], [2017, 28.88135593220339], [2018, 26.860869565217392], [2019, 25.430985915492958], [2020, 28.054755043227665]]}